{
  "routes": [
    {
      "path": "/",
      "page": "index",
      "routeType": "page",
      "layout": "main"
    },
    {
      "path": "/f/criar-conta",
      "page": "base/criar-conta",
      "layout": "main"
    },
    {
      "path": "/f/login",
      "page": "base/login",
      "layout": "main"
    },
    {
      "path": "/d/portaria",
      "page": "portaria/portaria",
      "layout": "mobile-portaria"
    },
    {
      "path": "/backoffice/f/",
      "page": "dashboard/inicial",
      "layout": "backoffice"
    },
    {
      "path": "/backoffice/f/registros-portaria",
      "page": "dashboard/registros-portaria",
      "layout": "backoffice"
    },
    {
      "path": "/colaborador/f/",
      "page": "colaborador/inicial-colaborador",
      "layout": "mobile-portaria"
    },
    {
      "path": "/colaborador/f/adicionar-veiculo",
      "page": "colaborador/adicionar-veiculo",
      "layout": "mobile-portaria"
    },
    {
      "path": "/colaborador/f/motorista-autorizado",
      "page": "colaborador/motorista-autorizado",
      "layout": "mobile-portaria"
    },
    {
      "path": "/colaborador/f/esolha-registro-portaria",
      "page": "portaria/esolha-registro-portaria",
      "layout": "mobile-portaria"
    },
    {
      "path": "/d/portaria-placa",
      "page": "portaria/portaria-placa",
      "layout": "mobile-portaria"
    },
    {
      "path": "/backoffice/f/fila-inauguracoes",
      "page": "dashboard/fila-inauguracoes",
      "layout": "backoffice"
    },
    {
      "path": "/backoffice/f/produtos",
      "page": "dashboard/produtos",
      "layout": "backoffice"
    },
    {
      "path": "/colaborador/f/foto-colaborador",
      "page": "colaborador/foto-colaborador",
      "layout": "mobile-portaria"
    },
    {
      "path": "/base/nova-conta",
      "page": "base/nova-conta",
      "layout": "backoffice"
    }
  ],
  "layouts": {
    "mobile-portaria": {
      "exec": "/api/seguranca/restricao"
    },
    "backoffice": {
      "exec": "/api/seguranca/restricao"
    }
  }
}