{
  "meta": {
    "$_GET": [
      {
        "type": "text",
        "name": "offset"
      },
      {
        "type": "text",
        "name": "limit"
      },
      {
        "type": "text",
        "name": "sort"
      },
      {
        "type": "text",
        "name": "dir"
      }
    ]
  },
  "exec": {
    "steps": {
      "name": "query_inauguracao",
      "module": "dbconnector",
      "action": "paged",
      "options": {
        "connection": "db",
        "sql": {
          "type": "SELECT",
          "columns": [
            {
              "table": "inauguracao",
              "column": "id_inauguracao"
            },
            {
              "table": "inauguracao",
              "column": "created_at_inauguracao"
            },
            {
              "table": "inauguracao",
              "column": "nome_loja"
            },
            {
              "table": "inauguracao",
              "column": "cidade"
            },
            {
              "table": "inauguracao",
              "column": "uf"
            },
            {
              "table": "inauguracao",
              "column": "endereco_completo"
            },
            {
              "table": "inauguracao",
              "column": "complemento"
            },
            {
              "table": "inauguracao",
              "column": "cep"
            },
            {
              "table": "inauguracao",
              "column": "cod_filial"
            },
            {
              "table": "inauguracao",
              "column": "data_inicio"
            },
            {
              "table": "inauguracao",
              "column": "status"
            },
            {
              "table": "inauguracao",
              "column": "data_fim"
            },
            {
              "table": "inauguracao",
              "column": "total_senhas"
            },
            {
              "table": "inauguracao",
              "column": "regional"
            },
            {
              "table": "inauguracao",
              "column": "bairro"
            }
          ],
          "params": [],
          "table": {
            "name": "inauguracao"
          },
          "primary": "id_inauguracao",
          "joins": [],
          "sub": {
            "produto": {
              "table": {
                "name": "inauguracao_produto",
                "alias": "produto"
              },
              "key": "inauguracao_id"
            }
          },
          "query": "select \"id_inauguracao\", \"created_at_inauguracao\", \"nome_loja\", \"cidade\", \"uf\", \"endereco_completo\", \"complemento\", \"cep\", \"cod_filial\", \"data_inicio\", \"status\", \"data_fim\", \"total_senhas\", \"regional\", \"bairro\" from \"inauguracao\""
        }
      },
      "output": true,
      "meta": [
        {
          "name": "offset",
          "type": "number"
        },
        {
          "name": "limit",
          "type": "number"
        },
        {
          "name": "total",
          "type": "number"
        },
        {
          "name": "page",
          "type": "object",
          "sub": [
            {
              "name": "offset",
              "type": "object",
              "sub": [
                {
                  "name": "first",
                  "type": "number"
                },
                {
                  "name": "prev",
                  "type": "number"
                },
                {
                  "name": "next",
                  "type": "number"
                },
                {
                  "name": "last",
                  "type": "number"
                }
              ]
            },
            {
              "name": "current",
              "type": "number"
            },
            {
              "name": "total",
              "type": "number"
            }
          ]
        },
        {
          "name": "data",
          "type": "array",
          "sub": [
            {
              "type": "text",
              "name": "id_inauguracao"
            },
            {
              "type": "datetime",
              "name": "created_at_inauguracao"
            },
            {
              "type": "text",
              "name": "nome_loja"
            },
            {
              "type": "text",
              "name": "cidade"
            },
            {
              "type": "text",
              "name": "uf"
            },
            {
              "type": "text",
              "name": "endereco_completo"
            },
            {
              "type": "text",
              "name": "complemento"
            },
            {
              "type": "text",
              "name": "cep"
            },
            {
              "type": "text",
              "name": "cod_filial"
            },
            {
              "type": "datetime",
              "name": "data_inicio"
            },
            {
              "type": "text",
              "name": "status"
            },
            {
              "type": "datetime",
              "name": "data_fim"
            },
            {
              "type": "number",
              "name": "total_senhas"
            },
            {
              "type": "number",
              "name": "regional"
            },
            {
              "type": "text",
              "name": "bairro"
            },
            {
              "name": "produto",
              "type": "array",
              "sub": [
                {
                  "type": "text",
                  "name": "id_inaug_produto"
                },
                {
                  "type": "datetime",
                  "name": "created_at_inaug_produto"
                },
                {
                  "type": "number",
                  "name": "produto_inaug_id"
                },
                {
                  "type": "number",
                  "name": "inauguracao_id"
                },
                {
                  "type": "number",
                  "name": "unidades_disponiveis"
                },
                {
                  "type": "number",
                  "name": "limite_por_pessoa"
                },
                {
                  "type": "number",
                  "name": "quantidade_consumida"
                },
                {
                  "type": "text",
                  "name": "status"
                }
              ]
            }
          ]
        }
      ],
      "outputType": "object"
    }
  }
}