{
  "meta": {
    "$_GET": [
      {
        "type": "text",
        "name": "sort"
      },
      {
        "type": "text",
        "name": "dir"
      },
      {
        "type": "number",
        "name": "inauguracao"
      }
    ]
  },
  "exec": {
    "steps": {
      "name": "query",
      "module": "dbconnector",
      "action": "select",
      "options": {
        "connection": "db",
        "sql": {
          "type": "SELECT",
          "columns": [
            {
              "table": "inauguracao_produto",
              "column": "id_inaug_produto"
            },
            {
              "table": "inauguracao_produto",
              "column": "produto_inaug_id"
            },
            {
              "table": "inauguracao_produto",
              "column": "inauguracao_id"
            },
            {
              "table": "inauguracao_produto",
              "column": "unidades_disponiveis"
            },
            {
              "table": "inauguracao_produto",
              "column": "limite_por_pessoa"
            },
            {
              "table": "inauguracao_produto",
              "column": "quantidade_consumida"
            },
            {
              "table": "inauguracao_produto",
              "column": "status"
            },
            {
              "table": "produtos",
              "column": "nome_produto"
            },
            {
              "table": "produtos",
              "column": "descricao_produtos"
            },
            {
              "table": "produtos",
              "column": "cod_produto"
            },
            {
              "table": "produtos",
              "column": "url_imagens"
            },
            {
              "table": "inauguracao_produto",
              "column": "valor"
            }
          ],
          "params": [
            {
              "operator": "equal",
              "type": "expression",
              "name": ":P1",
              "value": "{{$_GET.inauguracao}}",
              "test": ""
            }
          ],
          "table": {
            "name": "inauguracao_produto"
          },
          "primary": "id_inaug_produto",
          "joins": [
            {
              "table": "produtos",
              "column": "*",
              "type": "INNER",
              "clauses": {
                "condition": "AND",
                "rules": [
                  {
                    "table": "produtos",
                    "column": "id_produtos",
                    "operation": "=",
                    "operator": "equal",
                    "value": {
                      "table": "inauguracao_produto",
                      "column": "produto_inaug_id",
                      "type": "number"
                    }
                  }
                ]
              },
              "primary": "id_produtos"
            }
          ],
          "query": "select \"inauguracao_produto\".\"id_inaug_produto\", \"inauguracao_produto\".\"produto_inaug_id\", \"inauguracao_produto\".\"inauguracao_id\", \"inauguracao_produto\".\"unidades_disponiveis\", \"inauguracao_produto\".\"limite_por_pessoa\", \"inauguracao_produto\".\"quantidade_consumida\", \"inauguracao_produto\".\"status\", \"produtos\".\"nome_produto\", \"produtos\".\"descricao_produtos\", \"produtos\".\"cod_produto\", \"produtos\".\"url_imagens\", \"inauguracao_produto\".\"valor\" from \"inauguracao_produto\" inner join \"produtos\" on \"produtos\".\"id_produtos\" = \"inauguracao_produto\".\"produto_inaug_id\" where \"inauguracao_produto\".\"inauguracao_id\" = ?",
          "wheres": {
            "condition": "AND",
            "rules": [
              {
                "id": "inauguracao_produto.inauguracao_id",
                "field": "inauguracao_produto.inauguracao_id",
                "type": "double",
                "operator": "equal",
                "value": "{{$_GET.inauguracao}}",
                "data": {
                  "table": "inauguracao_produto",
                  "column": "inauguracao_id",
                  "type": "number",
                  "columnObj": {
                    "type": "reference",
                    "primary": false,
                    "unique": false,
                    "nullable": true,
                    "references": "id_inauguracao",
                    "inTable": "inauguracao",
                    "referenceType": "bigInteger",
                    "onUpdate": "NO ACTION",
                    "onDelete": "NO ACTION",
                    "name": "inauguracao_id"
                  }
                },
                "operation": "="
              }
            ],
            "conditional": null,
            "valid": true
          }
        }
      },
      "output": true,
      "meta": [
        {
          "type": "text",
          "name": "id_inaug_produto"
        },
        {
          "type": "number",
          "name": "produto_inaug_id"
        },
        {
          "type": "number",
          "name": "inauguracao_id"
        },
        {
          "type": "number",
          "name": "unidades_disponiveis"
        },
        {
          "type": "number",
          "name": "limite_por_pessoa"
        },
        {
          "type": "number",
          "name": "quantidade_consumida"
        },
        {
          "type": "text",
          "name": "status"
        },
        {
          "type": "text",
          "name": "nome_produto"
        },
        {
          "type": "text",
          "name": "descricao_produtos"
        },
        {
          "type": "text",
          "name": "cod_produto"
        },
        {
          "type": "text",
          "name": "url_imagens"
        },
        {
          "type": "number",
          "name": "valor"
        }
      ],
      "outputType": "array"
    }
  }
}