{
  "meta": {
    "$_GET": [
      {
        "type": "text",
        "name": "sort"
      },
      {
        "type": "text",
        "name": "dir"
      },
      {
        "type": "text",
        "name": "offset"
      },
      {
        "type": "text",
        "name": "limit"
      }
    ]
  },
  "exec": {
    "steps": {
      "name": "query_produtos",
      "module": "dbconnector",
      "action": "paged",
      "options": {
        "connection": "db",
        "sql": {
          "type": "SELECT",
          "columns": [
            {
              "table": "produtos",
              "column": "id_produtos"
            },
            {
              "table": "produtos",
              "column": "cod_produto"
            },
            {
              "table": "produtos",
              "column": "nome_produto"
            },
            {
              "table": "produtos",
              "column": "descricao_produtos"
            },
            {
              "table": "produtos",
              "column": "url_imagens"
            }
          ],
          "params": [],
          "table": {
            "name": "produtos"
          },
          "primary": "id_produtos",
          "joins": [],
          "query": "select \"id_produtos\", \"cod_produto\", \"nome_produto\", \"descricao_produtos\", \"url_imagens\" from \"produtos\""
        }
      },
      "output": true,
      "meta": [
        {
          "name": "offset",
          "type": "number"
        },
        {
          "name": "limit",
          "type": "number"
        },
        {
          "name": "total",
          "type": "number"
        },
        {
          "name": "page",
          "type": "object",
          "sub": [
            {
              "name": "offset",
              "type": "object",
              "sub": [
                {
                  "name": "first",
                  "type": "number"
                },
                {
                  "name": "prev",
                  "type": "number"
                },
                {
                  "name": "next",
                  "type": "number"
                },
                {
                  "name": "last",
                  "type": "number"
                }
              ]
            },
            {
              "name": "current",
              "type": "number"
            },
            {
              "name": "total",
              "type": "number"
            }
          ]
        },
        {
          "name": "data",
          "type": "array",
          "sub": [
            {
              "type": "text",
              "name": "id_produtos"
            },
            {
              "type": "text",
              "name": "cod_produto"
            },
            {
              "type": "text",
              "name": "nome_produto"
            },
            {
              "type": "text",
              "name": "descricao_produtos"
            },
            {
              "type": "text",
              "name": "url_imagens"
            }
          ]
        }
      ],
      "outputType": "object"
    }
  }
}